{
  "project_info": {
    "project_number": "93418366351",
    "project_id": "fluttercomputacionmovil3",
    "storage_bucket": "fluttercomputacionmovil3.appspot.com"
  },
  "client": [
    {
      "client_info": {
        "mobilesdk_app_id": "1:93418366351:android:c5d9ffcefad12b011497fa",
        "android_client_info": {
          "package_name": "com.example.fluttercm3"
        }
      },
      "oauth_client": [],
      "api_key": [
        {
          "current_key": "AIzaSyBvoVqHxlUM2lQQ4SmMNpwdIgLuv2Xli08"
        }
      ],
      "services": {
        "appinvite_service": {
          "other_platform_oauth_client": []
        }
      }
    }
  ],
  "configuration_version": "1"
}