{"flutter":{"platforms":{"android":{"default":{"projectId":"fluttercomputacionmovil3","appId":"1:93418366351:android:c5d9ffcefad12b011497fa","fileOutput":"android/app/google-services.json"}},"dart":{"lib/firebase_options.dart":{"projectId":"fluttercomputacionmovil3","configurations":{"android":"1:93418366351:android:c5d9ffcefad12b011497fa","ios":"1:93418366351:ios:1f5ff12356f96c731497fa","macos":"1:93418366351:ios:1f5ff12356f96c731497fa","web":"1:93418366351:web:41113d683534a5581497fa","windows":"1:93418366351:web:cb5ebbadee5d2c7b1497fa"}}}}}}